order_item_id,order_id,product_id,quantity,total_price
1,1,41,1,9415
2,2,69,1,5868
3,3,32,1,13037
4,3,37,1,23054
5,4,10,3,159579
6,4,71,1,57986
7,5,115,1,47615
8,6,96,1,37186
9,7,64,1,26949
10,7,95,1,57891
11,7,26,1,58952
12,8,107,1,30955
13,9,20,1,22054
14,9,100,3,25077
15,10,85,1,23530
16,10,64,2,53898
17,11,6,2,23904
18,12,41,1,9415
19,13,115,1,47615
20,13,74,1,61215
21,13,112,2,24684
22,14,51,1,72728
23,15,7,1,4638
24,16,70,1,74020
25,17,111,1,21944
26,18,16,1,14000
27,19,89,1,66575
28,20,49,1,41139
29,20,75,1,53102
30,21,24,1,27667
31,21,71,1,57986
32,22,44,1,68226
33,22,47,1,23584
34,22,24,2,55334
35,23,110,1,6049
36,24,74,1,61215
37,25,30,2,7538
38,26,103,1,23782
39,26,31,2,91366
40,27,103,3,71346
41,28,104,1,38290
42,29,18,3,118497
43,30,67,2,21652
44,30,69,2,11736
45,31,72,2,30286
46,32,13,1,62483
47,33,105,1,68095
48,34,13,2,124966
49,34,58,1,14939
50,35,72,3,45429
51,36,3,1,54980
52,37,87,3,164403
53,38,74,1,61215
54,39,100,1,8359
55,40,66,1,40839
56,41,114,1,60666
57,41,11,1,1837
58,42,19,1,32566
59,42,112,2,24684
60,43,81,1,64774
61,44,117,1,60334
62,45,30,1,3769
63,46,91,1,9233
64,46,35,1,72433
65,47,100,3,25077
66,47,111,2,43888
67,48,58,1,14939
68,49,3,1,54980
69,50,33,3,15474
70,51,11,1,1837
71,51,27,1,15215
72,52,113,1,69748
73,53,99,1,2198
74,54,11,1,1837
75,54,14,1,16161
76,55,114,1,60666
77,55,50,1,14108
78,56,81,1,64774
79,57,22,1,10719
80,58,111,1,21944
81,58,118,1,14236
82,59,70,1,74020
83,59,120,1,40588
84,59,35,3,217299
85,60,76,1,54757
86,61,82,1,46860
87,61,113,1,69748
88,62,40,1,33179
89,62,117,1,60334
90,63,57,1,6909
91,63,40,1,33179
92,64,1,1,28278
93,65,18,1,39499
94,65,45,1,19630
95,66,63,1,62207
96,66,97,1,39348
97,67,38,1,7595
98,68,71,1,57986
99,68,48,2,78298
100,69,32,1,13037
101,70,50,1,14108
102,70,107,1,30955
103,71,31,1,45683
104,72,79,1,27077
105,72,104,1,38290
106,73,69,1,5868
107,73,104,1,38290
108,74,18,1,39499
109,75,80,1,8955
110,75,58,1,14939
111,76,3,1,54980
112,77,3,1,54980
113,77,24,1,27667
114,77,14,1,16161
115,78,12,1,72752
116,79,44,1,68226
117,80,64,1,26949
118,80,48,2,78298
119,81,108,2,113478
120,82,35,2,144866
121,83,61,1,29334
122,84,33,1,5158
123,84,105,1,68095
124,85,92,2,107158
125,85,32,1,13037
126,85,50,2,28216
127,86,59,2,7356
128,87,86,3,73773
129,88,88,3,143775
130,89,21,1,46005
131,89,81,3,194322
132,89,94,1,42227
133,90,82,1,46860
134,91,7,2,9276
135,92,15,1,13882
136,93,2,1,71318
137,94,16,1,14000
138,95,6,1,11952
139,96,89,1,66575
140,96,77,2,115828
141,97,64,1,26949
142,98,120,1,40588
143,98,98,1,32237
144,99,90,2,71148
145,99,69,1,5868
146,100,72,2,30286
147,101,104,1,38290
148,101,115,1,47615
149,102,46,1,49790
150,102,93,2,114260
151,103,57,1,6909
152,104,63,1,62207
153,105,45,1,19630
154,106,112,2,24684
155,107,71,1,57986
156,107,21,1,46005
157,107,9,2,90406
158,108,59,1,3678
159,109,49,1,41139
160,109,94,1,42227
161,110,100,1,8359
162,110,80,2,17910
163,111,69,1,5868
164,111,105,1,68095
165,112,71,1,57986
166,113,53,1,70481
167,114,67,1,10826
168,115,17,1,23026
169,116,14,1,16161
170,117,74,1,61215
171,118,63,1,62207
172,119,33,1,5158
173,119,7,1,4638
174,120,120,3,121764
175,121,119,2,133948
176,121,114,1,60666
177,122,47,2,47168
178,122,72,2,30286
179,123,102,1,47839
180,123,91,1,9233
181,124,94,1,42227
182,125,28,3,116139
183,126,93,1,57130
184,127,25,1,34368
185,128,81,3,194322
186,129,72,1,15143
187,130,82,1,46860
188,131,90,1,35574
189,131,86,1,24591
190,132,71,1,57986
191,132,52,1,58202
192,133,77,1,57914
193,134,41,1,9415
194,135,109,2,34780
195,135,48,1,39149
196,135,53,2,140962
197,136,73,1,712
198,136,70,2,148040
199,137,33,1,5158
200,137,47,1,23584
201,137,58,2,29878
202,138,77,1,57914
203,138,3,2,109960
204,138,67,1,10826
205,139,28,1,38713
206,139,110,2,12098
207,139,41,1,9415
208,140,71,1,57986
209,141,74,1,61215
210,142,46,1,49790
211,143,114,1,60666
212,144,104,1,38290
213,145,73,3,2136
214,146,93,2,114260
215,146,42,1,37289
216,147,89,1,66575
217,147,90,3,106722
218,148,39,1,51412
219,149,49,2,82278
220,149,11,3,5511
221,150,113,2,139496
222,151,112,1,12342
223,152,96,2,74372
224,152,84,3,15141
225,153,81,1,64774
226,153,49,1,41139
227,154,73,1,712
228,155,29,1,44553
229,156,51,2,145456
230,156,58,1,14939
231,157,56,1,69164
232,158,17,1,23026
233,159,96,1,37186
234,160,11,1,1837
235,161,90,1,35574
236,162,72,1,15143
237,163,74,1,61215
238,164,95,1,57891
239,164,68,1,60224
240,165,42,3,111867
241,165,88,1,47925
242,166,55,1,44963
243,166,47,1,23584
244,167,4,2,90038
245,168,45,1,19630
246,169,57,1,6909
247,169,80,3,26865
248,169,19,1,32566
249,170,20,2,44108
250,170,97,1,39348
251,171,32,3,39111
252,171,80,2,17910
253,172,2,1,71318
254,172,44,1,68226
255,173,3,1,54980
256,174,28,1,38713
257,174,27,2,30430
258,175,80,2,17910
259,176,90,1,35574
260,177,116,1,65398
261,178,22,1,10719
262,179,90,1,35574
263,180,84,3,15141
264,181,85,1,23530
265,182,85,2,47060
266,182,47,1,23584
267,183,84,1,5047
268,183,50,1,14108
269,184,13,1,62483
270,184,116,1,65398
271,184,41,1,9415
272,185,59,1,3678
273,186,6,3,35856
274,186,32,1,13037
275,187,96,1,37186
276,188,46,1,49790
277,189,65,1,21285
278,190,33,2,10316
279,191,105,3,204285
280,191,4,3,135057
281,192,44,2,136452
282,193,12,1,72752
283,193,94,3,126681
284,194,81,1,64774
285,194,88,1,47925
286,195,40,3,99537
287,196,70,1,74020
288,197,75,1,53102
289,197,70,1,74020
290,198,89,2,133150
291,199,18,1,39499
292,200,99,3,6594
293,200,19,3,97698
294,200,84,1,5047
295,201,93,1,57130
296,202,113,1,69748
297,203,41,2,18830
298,204,53,1,70481
299,205,106,1,18921
300,205,115,2,95230
301,206,25,1,34368
302,207,98,3,96711
303,208,78,1,5830
304,208,73,1,712
305,209,4,1,45019
306,210,62,1,20569
307,210,18,1,39499
308,211,48,2,78298
309,211,24,1,27667
310,212,25,1,34368
311,213,2,3,213954
312,214,29,3,133659
313,214,96,2,74372
314,214,86,1,24591
315,215,57,1,6909
316,215,111,1,21944
317,215,79,1,27077
318,216,52,2,116404
319,217,106,2,37842
320,217,49,1,41139
321,218,74,1,61215
322,218,77,2,115828
323,218,69,2,11736
324,219,58,1,14939
325,220,113,1,69748
326,220,32,1,13037
327,221,72,1,15143
328,221,50,1,14108
329,222,38,1,7595
330,223,100,1,8359
331,223,106,1,18921
332,224,118,1,14236
333,225,19,1,32566
334,226,12,1,72752
335,226,93,1,57130
336,227,115,1,47615
337,228,53,1,70481
338,229,59,1,3678
339,230,26,1,58952
340,230,113,1,69748
341,231,117,2,120668
342,231,92,2,107158
343,232,15,2,27764
344,233,11,2,3674
345,233,68,2,120448
346,234,79,1,27077
347,234,21,1,46005
348,234,49,1,41139
349,235,112,1,12342
350,236,112,1,12342
351,237,7,1,4638
352,237,54,2,134286
353,238,37,1,23054
354,238,81,1,64774
355,238,24,1,27667
356,239,33,1,5158
357,239,2,2,142636
358,240,1,1,28278
359,241,28,1,38713
360,242,53,1,70481
361,243,1,2,56556
362,243,32,1,13037
363,244,105,1,68095
364,244,106,1,18921
365,245,45,1,19630
366,246,86,2,49182
367,246,74,1,61215
368,247,7,3,13914
369,247,14,1,16161
370,247,54,1,67143
371,248,90,1,35574
372,248,77,1,57914
373,249,96,3,111558
374,249,75,1,53102
375,249,47,1,23584
376,250,49,2,82278
377,251,108,1,56739
378,251,71,1,57986
379,252,111,1,21944
380,253,68,1,60224
381,254,8,1,65003
382,255,81,3,194322
383,255,68,1,60224
384,256,120,3,121764
385,256,101,1,2647
386,257,41,1,9415
387,257,34,3,213546
388,258,17,1,23026
389,259,94,1,42227
390,260,24,2,55334
391,261,38,3,22785
392,262,4,1,45019
393,263,95,1,57891
394,263,109,1,17390
395,264,6,1,11952
396,265,82,1,46860
397,266,89,1,66575
398,266,37,1,23054
399,267,71,1,57986
400,268,88,1,47925
401,269,73,1,712
402,270,23,1,22122
403,271,119,1,66974
404,271,87,1,54801
405,272,18,1,39499
406,273,115,1,47615
407,273,111,1,21944
408,274,53,2,140962
409,274,119,2,133948
410,275,93,1,57130
411,276,3,1,54980
412,277,103,2,47564
413,277,118,1,14236
414,278,36,1,60687
415,278,108,1,56739
416,278,4,1,45019
417,279,78,1,5830
418,280,111,2,43888
419,281,110,1,6049
420,282,53,1,70481
421,283,48,2,78298
422,283,58,1,14939
423,284,23,1,22122
424,285,100,3,25077
425,285,26,1,58952
426,286,62,3,61707
427,287,44,3,204678
428,288,68,2,120448
429,288,40,1,33179
430,289,106,1,18921
431,289,67,1,10826
432,290,59,2,7356
433,290,50,1,14108
434,291,120,1,40588
435,292,112,1,12342
436,292,12,2,145504
437,293,99,1,2198
438,294,74,2,122430
439,295,27,1,15215
440,295,42,1,37289
441,296,99,1,2198
442,297,20,1,22054
443,298,80,1,8955
444,299,70,1,74020
445,300,19,3,97698
446,301,74,1,61215
447,301,32,1,13037
448,302,70,1,74020
449,302,57,1,6909
450,303,7,1,4638
451,303,14,1,16161
452,303,50,1,14108
453,304,76,1,54757
454,305,58,1,14939
455,305,79,1,27077
456,306,98,1,32237
457,307,119,2,133948
458,308,17,1,23026
459,309,90,1,35574
460,309,60,1,24602
461,310,99,1,2198
462,310,60,3,73806
463,311,115,1,47615
464,312,51,3,218184
465,312,24,1,27667
466,312,90,2,71148
467,313,63,1,62207
468,314,45,1,19630
469,315,37,1,23054
470,315,99,1,2198
471,316,52,2,116404
472,317,42,1,37289
473,317,72,2,30286
474,318,52,1,58202
475,319,32,1,13037
476,320,50,1,14108
477,320,9,1,45203
478,320,44,1,68226
479,321,73,1,712
480,321,101,1,2647
481,321,44,1,68226
482,322,120,2,81176
483,323,15,1,13882
484,323,76,1,54757
485,324,57,1,6909
486,325,9,1,45203
487,325,77,1,57914
488,325,14,2,32322
489,326,83,1,25017
490,327,105,1,68095
491,328,97,1,39348
492,329,19,1,32566
493,330,38,1,7595
494,331,26,1,58952
495,332,39,2,102824
496,332,73,1,712
497,333,120,3,121764
498,333,56,1,69164
499,333,92,1,53579
500,334,66,1,40839
501,335,38,1,7595
502,336,7,1,4638
503,336,1,3,84834
504,336,91,1,9233
505,337,4,1,45019
506,338,51,1,72728
507,338,81,1,64774
508,339,70,1,74020
509,340,18,1,39499
510,341,119,1,66974
511,342,37,3,69162
512,343,18,1,39499
513,343,2,1,71318
514,344,63,1,62207
515,344,85,3,70590
516,345,83,2,50034
517,346,115,1,47615
518,346,101,3,7941
519,347,59,1,3678
520,347,66,2,81678
521,348,29,1,44553
522,349,74,2,122430
523,349,64,1,26949
524,350,53,3,211443
525,351,5,3,35862
526,352,91,1,9233
527,353,89,1,66575
528,354,68,3,180672
529,354,110,2,12098
530,355,11,1,1837
531,356,32,1,13037
532,356,61,1,29334
533,357,88,1,47925
534,357,82,1,46860
535,358,116,1,65398
536,358,44,1,68226
537,359,116,1,65398
538,360,54,3,201429
539,360,46,2,99580
540,361,5,1,11954
541,362,39,2,102824
542,363,8,1,65003
543,364,74,1,61215
544,365,104,1,38290
545,365,95,1,57891
546,365,80,1,8955
547,366,101,1,2647
548,367,36,1,60687
549,368,95,1,57891
550,369,76,2,109514
551,370,48,1,39149
552,370,104,2,76580
553,371,24,2,55334
554,372,44,3,204678
555,372,11,1,1837
556,373,108,2,113478
557,373,64,1,26949
558,374,85,1,23530
559,375,27,2,30430
560,375,74,1,61215
561,376,97,1,39348
562,376,105,1,68095
563,377,39,1,51412
564,378,119,1,66974
565,378,69,2,11736
566,378,30,1,3769
567,379,112,1,12342
568,380,103,1,23782
569,381,68,3,180672
570,381,88,1,47925
571,382,46,3,149370
572,383,118,1,14236
573,384,35,1,72433
574,385,84,1,5047
575,386,87,2,109602
576,387,76,1,54757
577,387,99,1,2198
578,388,24,1,27667
579,388,41,1,9415
580,389,2,1,71318
581,389,53,1,70481
582,390,29,2,89106
583,391,5,1,11954
584,392,77,1,57914
585,393,77,1,57914
586,393,82,3,140580
587,394,78,1,5830
588,395,116,1,65398
589,395,83,3,75051
590,396,90,1,35574
591,396,24,1,27667
592,397,82,3,140580
593,397,59,2,7356
594,397,119,1,66974
595,398,99,1,2198
596,398,42,2,74578
597,399,8,1,65003
598,400,8,1,65003
599,401,23,1,22122
600,401,57,3,20727
601,402,51,1,72728
602,403,19,1,32566
603,404,79,1,27077
604,405,92,1,53579
605,405,34,1,71182
606,405,14,2,32322
607,406,3,1,54980
608,406,115,1,47615
609,407,5,1,11954
610,408,90,1,35574
611,409,1,1,28278
612,410,63,1,62207
613,410,62,2,41138
614,410,56,2,138328
615,411,29,1,44553
616,412,105,1,68095
617,412,100,1,8359
618,412,62,3,61707
619,413,39,1,51412
620,414,83,1,25017
621,414,12,2,145504
622,415,108,1,56739
623,416,83,1,25017
624,416,26,1,58952
625,417,25,1,34368
626,418,14,1,16161
627,419,11,2,3674
628,420,25,1,34368
629,421,93,3,171390
630,422,50,1,14108
631,423,40,1,33179
632,424,104,1,38290
633,424,58,1,14939
634,424,3,2,109960
635,425,16,1,14000
636,426,67,3,32478
637,426,59,2,7356
638,427,95,1,57891
639,428,5,1,11954
640,428,95,1,57891
641,428,19,3,97698
642,429,32,1,13037
643,429,90,1,35574
644,430,116,2,130796
645,430,40,1,33179
646,431,107,1,30955
647,431,76,2,109514
648,432,77,2,115828
649,433,103,1,23782
650,434,107,3,92865
651,435,42,3,111867
652,435,16,1,14000
653,436,108,3,170217
654,437,6,1,11952
655,438,16,1,14000
656,439,22,1,10719
657,439,90,1,35574
658,440,75,1,53102
659,441,109,1,17390
660,442,21,1,46005
661,443,1,1,28278
662,444,91,2,18466
663,444,84,1,5047
664,444,76,2,109514
665,445,89,1,66575
666,445,17,1,23026
667,446,53,1,70481
668,447,89,1,66575
669,448,64,1,26949
670,449,106,2,37842
671,450,1,1,28278
672,451,68,3,180672
673,452,111,3,65832
674,452,98,1,32237
675,453,81,1,64774
676,454,25,1,34368
677,455,109,3,52170
678,456,23,1,22122
679,457,7,1,4638
680,457,83,1,25017
681,457,47,1,23584
682,458,98,1,32237
683,458,59,2,7356
684,459,23,1,22122
685,459,21,1,46005
686,459,101,1,2647
687,460,57,1,6909
688,461,26,2,117904
689,462,30,1,3769
690,462,100,1,8359
691,463,53,2,140962
692,464,29,1,44553
693,465,7,2,9276
694,466,119,1,66974
695,467,48,1,39149
696,468,81,3,194322
697,468,46,1,49790
698,469,89,1,66575
699,470,15,2,27764
700,471,22,2,21438
701,472,38,1,7595
702,473,82,3,140580
703,473,79,1,27077
704,474,30,1,3769
705,475,63,3,186621
706,475,111,1,21944
707,476,36,2,121374
708,476,2,2,142636
709,477,42,1,37289
710,478,119,1,66974
711,479,74,2,122430
712,480,6,1,11952
713,481,99,1,2198
714,482,51,1,72728
715,483,106,1,18921
716,483,13,1,62483
717,484,2,1,71318
718,485,28,1,38713
719,486,83,3,75051
720,487,86,1,24591
721,488,110,2,12098
722,488,74,1,61215
723,489,99,1,2198
724,490,24,2,55334
725,490,102,1,47839
726,491,1,1,28278
727,491,111,1,21944
728,492,68,1,60224
729,492,5,2,23908
730,493,79,1,27077
731,493,70,1,74020
732,494,80,1,8955
733,494,113,3,209244
734,495,117,1,60334
735,496,15,1,13882
736,496,50,1,14108
737,497,23,1,22122
738,498,72,2,30286
739,498,91,1,9233
740,499,70,1,74020
741,500,97,1,39348
742,501,27,2,30430
743,501,97,1,39348
744,501,96,2,74372
745,502,55,1,44963
746,503,45,1,19630
747,504,107,1,30955
748,505,87,1,54801
749,505,106,1,18921
750,506,103,3,71346
751,506,87,2,109602
752,507,9,2,90406
753,507,25,1,34368
754,507,115,1,47615
755,508,10,1,53193
756,509,90,1,35574
757,510,27,1,15215
758,511,38,3,22785
759,511,54,1,67143
760,512,45,1,19630
761,513,3,1,54980
762,513,38,1,7595
763,514,107,1,30955
764,514,67,1,10826
765,515,83,2,50034
766,516,86,1,24591
767,517,57,1,6909
768,517,59,1,3678
769,518,22,1,10719
770,518,102,1,47839
771,519,99,1,2198
772,519,109,1,17390
773,519,7,3,13914
774,520,21,1,46005
775,520,92,1,53579
776,521,91,1,9233
777,522,20,1,22054
778,522,21,1,46005
779,523,17,1,23026
780,524,27,1,15215
781,525,41,3,28245
782,526,58,1,14939
783,527,39,1,51412
784,528,120,1,40588
785,529,59,3,11034
786,530,95,1,57891
787,531,83,2,50034
788,532,38,3,22785
789,533,74,1,61215
790,533,86,1,24591
791,534,57,1,6909
792,534,44,1,68226
793,534,89,1,66575
794,535,15,1,13882
795,535,40,1,33179
796,536,46,1,49790
797,537,83,1,25017
798,538,101,3,7941
799,539,3,1,54980
800,540,87,3,164403
801,540,86,3,73773
802,541,63,1,62207
803,542,8,1,65003
804,542,117,1,60334
805,543,55,1,44963
806,543,48,1,39149
807,544,40,3,99537
808,545,12,2,145504
809,545,28,1,38713
810,546,103,1,23782
811,546,57,2,13818
812,546,37,2,46108
813,547,54,2,134286
814,547,18,1,39499
815,548,39,1,51412
816,549,43,3,8604
817,549,9,1,45203
818,550,1,1,28278
819,551,54,1,67143
820,551,23,1,22122
821,551,72,3,45429
822,552,107,1,30955
823,553,6,2,23904
824,554,75,1,53102
825,555,60,1,24602
826,556,20,1,22054
827,556,34,1,71182
828,557,16,1,14000
829,557,84,1,5047
830,558,117,1,60334
831,559,16,2,28000
832,560,9,1,45203
833,561,62,1,20569
834,562,81,1,64774
835,562,88,1,47925
836,563,66,2,81678
837,564,34,1,71182
838,565,41,1,9415
839,566,46,1,49790
840,566,21,1,46005
841,567,46,1,49790
842,567,7,1,4638
843,568,66,1,40839
844,568,25,2,68736
845,568,99,1,2198
846,569,42,2,74578
847,570,88,1,47925
848,570,103,1,23782
849,571,13,1,62483
850,571,69,2,11736
851,572,67,1,10826
852,573,53,3,211443
853,573,44,1,68226
854,574,65,1,21285
855,575,115,1,47615
856,576,68,1,60224
857,576,109,1,17390
858,577,15,1,13882
859,577,54,1,67143
860,578,119,1,66974
861,578,3,1,54980
862,579,105,1,68095
863,580,67,1,10826
864,580,98,1,32237
865,580,44,2,136452
866,581,17,2,46052
867,582,30,1,3769
868,583,11,1,1837
869,584,15,1,13882
870,584,10,1,53193
871,585,26,1,58952
872,586,66,1,40839
873,586,76,1,54757
874,587,9,1,45203
875,588,13,2,124966
876,589,27,1,15215
877,589,76,1,54757
878,589,116,1,65398
879,590,96,3,111558
880,591,45,2,39260
881,591,46,2,99580
882,591,21,1,46005
883,592,9,1,45203
884,593,2,1,71318
885,594,37,3,69162
886,594,22,1,10719
887,595,13,3,187449
888,595,119,2,133948
889,595,28,1,38713
890,596,24,1,27667
891,596,57,1,6909
892,597,49,1,41139
893,597,55,1,44963
894,598,41,1,9415
895,599,18,1,39499
896,600,37,1,23054
897,601,42,1,37289
898,602,59,1,3678
899,603,108,1,56739
900,604,38,3,22785
901,605,110,1,6049
902,606,61,1,29334
903,606,87,1,54801
904,607,87,1,54801
905,607,14,1,16161
906,608,16,1,14000
907,608,19,1,32566
908,609,95,3,173673
909,609,119,1,66974
910,609,115,3,142845
911,610,77,2,115828
912,611,30,2,7538
913,612,36,2,121374
914,612,98,1,32237
915,613,102,2,95678
916,614,46,1,49790
917,614,61,1,29334
918,614,86,1,24591
919,615,99,1,2198
920,616,63,1,62207
921,617,18,1,39499
922,617,4,1,45019
923,618,87,1,54801
924,619,78,1,5830
925,620,80,1,8955
926,621,85,1,23530
927,621,97,1,39348
928,622,38,1,7595
929,623,34,1,71182
930,624,70,3,222060
931,624,3,1,54980
932,625,118,1,14236
933,626,110,1,6049
934,627,5,1,11954
935,628,100,2,16718
936,628,39,1,51412
937,629,40,2,66358
938,630,15,1,13882
939,631,71,1,57986
940,632,61,1,29334
941,633,8,1,65003
942,634,49,1,41139
943,635,37,1,23054
944,636,6,1,11952
945,637,104,2,76580
946,638,115,1,47615
947,639,55,1,44963
948,640,45,1,19630
949,641,31,1,45683
950,642,117,1,60334
951,643,15,1,13882
952,643,44,1,68226
953,644,85,2,47060
954,645,116,1,65398
955,646,61,1,29334
956,647,49,1,41139
957,647,74,1,61215
958,647,50,1,14108
959,648,27,1,15215
960,648,44,2,136452
961,649,22,1,10719
962,649,79,3,81231
963,650,82,2,93720
964,651,108,1,56739
965,651,109,1,17390
966,652,74,1,61215
967,653,96,3,111558
968,654,75,1,53102
969,654,13,1,62483
970,655,68,1,60224
971,656,102,1,47839
972,657,65,1,21285
973,657,103,1,23782
974,658,54,1,67143
975,659,59,2,7356
976,659,86,1,24591
977,660,91,1,9233
978,661,64,1,26949
979,662,96,3,111558
980,662,60,1,24602
981,662,35,1,72433
982,663,56,1,69164
983,663,120,1,40588
984,664,47,1,23584
985,665,96,1,37186
986,666,56,1,69164
987,667,117,1,60334
988,667,9,2,90406
989,668,37,1,23054
990,669,77,1,57914
991,670,20,1,22054
992,671,106,1,18921
993,672,56,1,69164
994,673,26,1,58952
995,673,21,1,46005
996,673,35,2,144866
997,674,23,2,44244
998,674,83,3,75051
999,675,3,1,54980
1000,676,41,1,9415
1001,676,78,1,5830
1002,677,115,1,47615
1003,677,47,1,23584
1004,677,86,3,73773
1005,678,18,1,39499
1006,678,31,2,91366
1007,679,67,1,10826
1008,679,86,2,49182
1009,679,107,1,30955
1010,680,12,1,72752
1011,681,104,1,38290
1012,682,95,2,115782
1013,682,50,2,28216
1014,683,28,1,38713
1015,683,19,3,97698
1016,683,14,1,16161
1017,684,76,1,54757
1018,685,90,3,106722
1019,686,55,1,44963
1020,687,36,2,121374
1021,688,47,1,23584
1022,688,61,1,29334
1023,688,92,1,53579
1024,689,5,1,11954
1025,689,108,3,170217
1026,689,95,1,57891
1027,690,31,1,45683
1028,690,33,1,5158
1029,691,47,1,23584
1030,691,116,1,65398
1031,691,104,1,38290
1032,692,2,3,213954
1033,693,118,1,14236
1034,694,106,2,37842
1035,695,111,2,43888
1036,696,81,2,129548
1037,696,41,1,9415
1038,696,113,2,139496
1039,697,11,2,3674
1040,698,61,3,88002
1041,698,95,1,57891
1042,698,53,1,70481
1043,699,13,1,62483
1044,699,106,1,18921
1045,699,21,1,46005
1046,700,105,2,136190
1047,700,71,1,57986
1048,701,7,1,4638
1049,702,57,2,13818
1050,703,52,1,58202
1051,704,74,1,61215
1052,705,67,2,21652
1053,706,84,1,5047
1054,706,98,1,32237
1055,707,41,1,9415
1056,708,18,1,39499
1057,708,34,1,71182
1058,709,37,1,23054
1059,710,24,1,27667
1060,711,107,2,61910
1061,712,3,3,164940
1062,713,81,3,194322
1063,713,30,3,11307
1064,714,90,2,71148
1065,715,80,1,8955
1066,716,12,3,218256
1067,717,73,1,712
1068,718,56,3,207492
1069,718,99,1,2198
1070,719,16,2,28000
1071,719,29,1,44553
1072,720,101,1,2647
1073,720,35,1,72433
1074,721,110,1,6049
1075,722,106,1,18921
1076,723,54,1,67143
1077,723,24,1,27667
1078,724,34,1,71182
1079,725,32,1,13037
1080,726,59,1,3678
1081,726,11,1,1837
1082,727,89,1,66575
1083,728,50,2,28216
1084,729,33,1,5158
1085,729,10,1,53193
1086,730,31,1,45683
1087,731,78,3,17490
1088,732,77,2,115828
1089,732,91,1,9233
1090,732,96,1,37186
1091,733,51,1,72728
1092,734,115,1,47615
1093,735,34,1,71182
1094,736,44,2,136452
1095,737,41,2,18830
1096,738,34,1,71182
1097,739,17,1,23026
1098,740,36,3,182061
1099,740,96,1,37186
1100,740,47,2,47168
1101,741,98,1,32237
1102,741,119,1,66974
1103,742,41,3,28245
1104,742,95,2,115782
1105,743,110,3,18147
1106,744,57,1,6909
1107,744,7,1,4638
1108,745,61,1,29334
1109,746,56,3,207492
1110,746,15,3,41646
1111,747,46,3,149370
1112,748,59,1,3678
1113,749,111,1,21944
1114,749,19,1,32566
1115,750,24,1,27667
1116,750,107,1,30955
1117,751,115,1,47615
1118,752,1,1,28278
1119,753,54,3,201429
1120,754,64,1,26949
1121,755,4,1,45019
1122,755,37,1,23054
1123,756,76,3,164271
1124,757,42,1,37289
1125,758,107,2,61910
1126,759,81,3,194322
1127,760,1,1,28278
1128,761,80,3,26865
1129,762,94,3,126681
1130,763,103,1,23782
1131,763,73,1,712
1132,763,17,1,23026
1133,764,8,2,130006
1134,765,78,1,5830
1135,766,23,1,22122
1136,767,52,1,58202
1137,767,12,1,72752
1138,768,52,1,58202
1139,769,84,1,5047
1140,769,20,1,22054
1141,770,104,3,114870
1142,771,78,1,5830
1143,771,17,2,46052
1144,771,46,1,49790
1145,772,114,1,60666
1146,773,77,1,57914
1147,774,104,1,38290
1148,774,48,1,39149
1149,775,6,1,11952
1150,776,87,1,54801
1151,776,29,1,44553
1152,776,83,1,25017
1153,777,68,1,60224
1154,777,11,1,1837
1155,778,62,3,61707
1156,778,39,1,51412
1157,778,20,1,22054
1158,779,55,1,44963
1159,780,10,3,159579
1160,781,66,1,40839
1161,782,85,2,47060
1162,783,46,1,49790
1163,783,33,2,10316
1164,784,95,1,57891
1165,785,24,2,55334
1166,786,54,2,134286
1167,787,76,2,109514
1168,788,58,2,29878
1169,788,80,1,8955
1170,789,104,1,38290
1171,789,24,2,55334
1172,789,28,1,38713
1173,790,14,1,16161
1174,790,56,1,69164
1175,791,22,1,10719
1176,792,52,2,116404
1177,793,78,1,5830
1178,793,93,2,114260
1179,793,63,1,62207
1180,794,89,1,66575
1181,794,87,1,54801
1182,795,2,1,71318
1183,796,90,2,71148
1184,796,25,1,34368
1185,797,84,1,5047
1186,797,31,1,45683
1187,798,25,1,34368
1188,798,12,1,72752
1189,799,3,1,54980
1190,800,95,3,173673
1191,800,90,1,35574
1192,800,57,2,13818
1193,801,26,1,58952
1194,802,51,1,72728
1195,802,7,1,4638
1196,803,56,2,138328
1197,803,54,2,134286
1198,804,71,3,173958
1199,805,52,1,58202
1200,806,79,3,81231
1201,807,112,2,24684
1202,807,63,1,62207
1203,807,30,1,3769
1204,808,9,1,45203
1205,809,114,1,60666
1206,809,61,1,29334
1207,810,58,1,14939
1208,810,90,1,35574
1209,811,61,1,29334
1210,811,45,1,19630
1211,812,88,1,47925
1212,813,108,1,56739
1213,813,92,1,53579
1214,814,92,1,53579
1215,815,87,1,54801
1216,816,61,2,58668
1217,817,80,1,8955
1218,817,27,2,30430
1219,818,17,1,23026
1220,818,23,1,22122
1221,819,54,3,201429
1222,820,31,1,45683
1223,821,3,1,54980
1224,822,87,1,54801
1225,823,115,1,47615
1226,823,65,1,21285
1227,824,80,1,8955
1228,825,63,1,62207
1229,826,46,2,99580
1230,827,72,2,30286
1231,827,35,2,144866
1232,828,78,1,5830
1233,828,86,1,24591
1234,829,103,2,47564
1235,829,59,3,11034
1236,829,108,2,113478
1237,830,110,2,12098
1238,830,14,1,16161
1239,831,81,1,64774
1240,832,47,1,23584
1241,833,57,2,13818
1242,834,112,1,12342
1243,835,43,1,2868
1244,835,105,2,136190
1245,836,54,2,134286
1246,837,107,2,61910
1247,838,65,1,21285
1248,839,92,2,107158
1249,840,86,1,24591
1250,841,68,2,120448
1251,841,54,1,67143
1252,842,118,1,14236
1253,843,110,1,6049
1254,844,4,1,45019
1255,844,57,1,6909
1256,845,9,1,45203
1257,845,11,1,1837
1258,846,56,1,69164
1259,846,8,1,65003
1260,847,20,1,22054
1261,847,116,1,65398
1262,847,74,2,122430
1263,848,67,1,10826
1264,848,38,2,15190
1265,849,112,2,24684
1266,849,39,1,51412
1267,850,106,1,18921
1268,851,118,1,14236
1269,852,83,1,25017
1270,853,101,1,2647
1271,854,45,2,39260
1272,855,52,1,58202
1273,855,100,1,8359
1274,856,43,1,2868
1275,857,113,1,69748
1276,857,17,1,23026
1277,858,66,1,40839
1278,859,97,1,39348
1279,860,114,2,121332
1280,861,31,2,91366
1281,862,55,3,134889
1282,863,8,2,130006
1283,864,65,1,21285
1284,865,84,3,15141
1285,866,74,2,122430
1286,867,31,2,91366
1287,868,73,3,2136
1288,868,92,1,53579
1289,868,115,2,95230
1290,869,39,1,51412
1291,870,92,1,53579
1292,870,74,2,122430
1293,871,32,1,13037
1294,872,25,2,68736
1295,873,13,1,62483
1296,874,53,1,70481
1297,875,114,1,60666
1298,876,10,1,53193
1299,877,76,1,54757
1300,878,112,1,12342
1301,878,34,1,71182
1302,879,89,2,133150
1303,879,120,1,40588
1304,879,63,1,62207
1305,880,63,2,124414
1306,881,91,1,9233
1307,882,89,1,66575
1308,883,96,1,37186
1309,884,118,3,42708
1310,885,53,1,70481
1311,885,15,1,13882
1312,886,20,1,22054
1313,887,48,1,39149
1314,888,102,1,47839
1315,889,54,3,201429
1316,889,7,1,4638
1317,890,24,2,55334
1318,891,16,1,14000
1319,892,6,1,11952
1320,893,73,1,712
1321,894,49,1,41139
1322,895,78,2,11660
1323,895,17,1,23026
1324,896,58,1,14939
1325,897,94,1,42227
1326,898,86,1,24591
1327,898,80,1,8955
1328,899,70,1,74020
1329,900,57,1,6909
1330,900,95,1,57891
1331,901,4,1,45019
1332,902,91,1,9233
1333,902,40,1,33179
1334,903,25,3,103104
1335,904,97,1,39348
1336,905,25,2,68736
1337,906,3,1,54980
1338,907,24,2,55334
1339,907,3,1,54980
1340,907,36,2,121374
1341,908,57,2,13818
1342,908,11,1,1837
1343,909,6,1,11952
1344,910,44,1,68226
1345,910,56,2,138328
1346,910,24,1,27667
1347,911,15,3,41646
1348,912,37,1,23054
1349,913,12,1,72752
1350,914,87,1,54801
1351,914,22,1,10719
1352,914,8,1,65003
1353,915,50,1,14108
1354,916,115,1,47615
1355,917,106,2,37842
1356,918,31,2,91366
1357,919,64,1,26949
1358,920,15,1,13882
1359,921,71,1,57986
1360,922,53,1,70481
1361,923,3,3,164940
1362,923,35,1,72433
1363,923,71,1,57986
1364,924,101,1,2647
1365,925,58,1,14939
1366,926,27,3,45645
1367,926,101,1,2647
1368,927,101,3,7941
1369,927,32,3,39111
1370,927,69,1,5868
1371,928,105,1,68095
1372,929,38,3,22785
1373,929,84,1,5047
1374,930,62,1,20569
1375,930,35,1,72433
1376,930,77,3,173742
1377,931,28,2,77426
1378,931,75,1,53102
1379,932,69,1,5868
1380,933,51,1,72728
1381,934,93,3,171390
1382,934,72,2,30286
1383,935,65,3,63855
1384,936,88,3,143775
1385,937,97,1,39348
1386,937,91,1,9233
1387,938,44,3,204678
1388,938,27,1,15215
1389,938,59,3,11034
1390,939,119,1,66974
1391,940,116,1,65398
1392,941,72,2,30286
1393,942,98,1,32237
1394,942,51,2,145456
1395,943,10,1,53193
1396,943,69,2,11736
1397,944,87,1,54801
1398,944,16,2,28000
1399,945,46,1,49790
1400,945,50,2,28216
1401,946,2,1,71318
1402,946,16,3,42000
1403,947,29,2,89106
1404,948,88,2,95850
1405,948,118,1,14236
1406,949,81,2,129548
1407,949,39,1,51412
1408,950,47,1,23584
1409,950,5,2,23908
1410,950,36,1,60687
1411,951,106,1,18921
1412,952,36,1,60687
1413,953,71,1,57986
1414,954,87,1,54801
1415,954,88,1,47925
1416,955,96,1,37186
1417,956,73,2,1424
1418,957,94,1,42227
1419,957,101,2,5294
1420,958,89,1,66575
1421,959,88,2,95850
1422,959,72,1,15143
1423,960,87,3,164403
1424,961,42,1,37289
1425,962,36,1,60687
1426,962,16,1,14000
1427,962,88,1,47925
1428,963,93,1,57130
1429,964,54,1,67143
1430,965,51,1,72728
1431,966,74,2,122430
1432,967,29,3,133659
1433,967,89,3,199725
1434,967,55,1,44963
1435,968,9,1,45203
1436,969,62,1,20569
1437,970,103,1,23782
1438,971,33,1,5158
1439,972,44,2,136452
1440,973,67,1,10826
1441,973,102,1,47839
1442,974,57,2,13818
1443,975,75,1,53102
1444,975,16,1,14000
1445,976,41,2,18830
1446,977,101,1,2647
1447,977,17,2,46052
1448,978,79,1,27077
1449,979,87,1,54801
1450,980,109,1,17390
1451,981,97,1,39348
1452,982,101,1,2647
1453,982,85,1,23530
1454,983,55,2,89926
1455,984,44,3,204678
1456,984,84,2,10094
1457,985,43,1,2868
1458,986,2,1,71318
1459,987,102,2,95678
1460,988,17,1,23026
1461,988,82,1,46860
1462,988,66,2,81678
1463,989,32,1,13037
1464,990,17,1,23026
1465,991,84,2,10094
1466,992,114,1,60666
1467,993,61,1,29334
1468,994,48,3,117447
1469,995,85,1,23530
1470,996,65,2,42570
1471,997,7,1,4638
1472,998,26,1,58952
1473,999,9,1,45203
1474,1000,89,1,66575
1475,1000,60,1,24602
1476,1001,43,1,2868
1477,1002,21,1,46005
1478,1003,117,1,60334
1479,1003,6,3,35856
1480,1004,89,1,66575
1481,1004,30,1,3769
1482,1005,99,3,6594
1483,1006,95,1,57891
1484,1007,106,3,56763
1485,1008,10,1,53193
1486,1009,19,1,32566
1487,1010,75,3,159306
1488,1011,4,1,45019
1489,1012,29,2,89106
1490,1013,44,1,68226
1491,1013,109,1,17390
1492,1014,108,1,56739
1493,1015,107,1,30955
1494,1016,101,2,5294
1495,1017,27,1,15215
1496,1018,104,1,38290
1497,1019,68,3,180672
1498,1020,113,1,69748
1499,1020,56,1,69164
1500,1020,92,3,160737
1501,1021,25,1,34368
1502,1021,69,1,5868
1503,1022,82,1,46860
1504,1023,79,1,27077
1505,1024,38,1,7595
1506,1024,102,1,47839
1507,1025,36,1,60687
1508,1025,112,1,12342
1509,1026,63,1,62207
1510,1027,61,2,58668
1511,1028,22,1,10719
1512,1028,66,2,81678
1513,1029,48,1,39149
1514,1029,64,1,26949
1515,1030,68,1,60224
1516,1030,89,3,199725
1517,1031,75,1,53102
1518,1032,75,1,53102
1519,1032,84,2,10094
1520,1032,5,1,11954
1521,1033,28,1,38713
1522,1034,74,3,183645
1523,1034,21,1,46005
1524,1035,18,2,78998
1525,1036,67,1,10826
1526,1037,60,1,24602
1527,1038,58,1,14939
1528,1039,103,1,23782
1529,1040,4,1,45019
1530,1041,83,1,25017
1531,1042,38,1,7595
1532,1042,108,1,56739
1533,1042,65,2,42570
1534,1043,13,1,62483
1535,1043,16,1,14000
1536,1043,10,1,53193
1537,1044,33,2,10316
1538,1044,39,2,102824
1539,1045,25,1,34368
1540,1045,91,1,9233
1541,1046,92,1,53579
1542,1046,95,1,57891
1543,1047,37,1,23054
1544,1047,106,3,56763
1545,1048,106,1,18921
1546,1048,75,1,53102
1547,1048,97,1,39348
1548,1049,20,1,22054
1549,1049,111,1,21944
1550,1050,61,1,29334
1551,1050,30,2,7538
1552,1051,93,1,57130
1553,1051,105,2,136190
1554,1052,25,1,34368
1555,1053,54,1,67143
1556,1053,27,1,15215
1557,1053,57,1,6909
1558,1054,17,1,23026
1559,1055,64,1,26949
1560,1055,104,1,38290
1561,1056,55,1,44963
1562,1057,100,1,8359
1563,1058,76,1,54757
1564,1059,119,1,66974
1565,1059,18,3,118497
1566,1060,81,2,129548
1567,1061,74,3,183645
1568,1061,111,1,21944
1569,1061,51,1,72728
1570,1062,25,1,34368
1571,1063,58,1,14939
1572,1064,22,1,10719
1573,1065,5,2,23908
1574,1066,4,1,45019
1575,1066,24,3,83001
1576,1067,27,1,15215
1577,1068,9,1,45203
1578,1068,59,1,3678
1579,1069,111,3,65832
1580,1070,15,1,13882
1581,1071,96,1,37186
1582,1072,111,2,43888
1583,1072,27,1,15215
1584,1072,17,2,46052
1585,1073,21,1,46005
1586,1073,78,1,5830
1587,1074,92,1,53579
1588,1075,1,3,84834
1589,1076,106,1,18921
1590,1077,68,3,180672
1591,1077,43,2,5736
1592,1078,74,1,61215
1593,1079,83,2,50034
1594,1080,90,2,71148
1595,1081,51,2,145456
1596,1081,79,2,54154
1597,1082,23,2,44244
1598,1083,59,3,11034
1599,1083,50,1,14108
1600,1084,51,1,72728
1601,1085,114,2,121332
1602,1086,81,1,64774
1603,1087,9,2,90406
1604,1087,90,3,106722
1605,1088,53,1,70481
1606,1088,98,1,32237
1607,1088,71,2,115972
1608,1089,100,1,8359
1609,1090,33,1,5158
1610,1091,4,1,45019
1611,1092,96,1,37186
1612,1092,60,2,49204
1613,1093,51,1,72728
1614,1093,5,1,11954
1615,1094,42,1,37289
1616,1094,86,1,24591
1617,1094,96,1,37186
1618,1095,92,1,53579
1619,1095,57,2,13818
1620,1096,22,1,10719
1621,1096,108,1,56739
1622,1097,69,2,11736
1623,1098,86,2,49182
1624,1099,20,1,22054
1625,1099,57,1,6909
1626,1100,87,1,54801
1627,1101,7,2,9276
1628,1102,83,2,50034
1629,1102,85,2,47060
1630,1103,40,1,33179
1631,1104,7,2,9276
1632,1105,119,1,66974
1633,1105,32,1,13037
1634,1106,54,1,67143
1635,1107,106,1,18921
1636,1108,29,1,44553
1637,1108,113,2,139496
1638,1109,93,1,57130
1639,1109,22,1,10719
1640,1110,42,1,37289
1641,1110,72,1,15143
1642,1111,51,1,72728
1643,1111,55,1,44963
1644,1111,16,1,14000
1645,1112,84,1,5047
1646,1113,59,1,3678
1647,1114,36,1,60687
1648,1114,84,1,5047
1649,1115,53,2,140962
1650,1115,39,1,51412
1651,1116,92,3,160737
1652,1116,69,2,11736
1653,1116,102,1,47839
1654,1117,77,1,57914
1655,1117,42,1,37289
1656,1117,81,3,194322
1657,1118,43,1,2868
1658,1118,23,2,44244
1659,1119,109,1,17390
1660,1120,3,1,54980
1661,1121,49,1,41139
1662,1122,65,2,42570
1663,1122,76,1,54757
1664,1123,98,2,64474
1665,1124,95,1,57891
1666,1125,11,1,1837
1667,1126,38,1,7595
1668,1127,83,1,25017
1669,1128,77,2,115828
1670,1128,57,1,6909
1671,1128,95,1,57891
1672,1129,6,2,23904
1673,1129,67,1,10826
1674,1130,97,1,39348
1675,1130,4,2,90038
1676,1131,27,1,15215
1677,1132,86,1,24591
1678,1132,32,2,26074
1679,1132,103,1,23782
1680,1133,42,1,37289
1681,1134,9,1,45203
1682,1134,112,3,37026
1683,1135,19,3,97698
1684,1136,23,1,22122
1685,1137,120,1,40588
1686,1137,27,1,15215
1687,1138,40,2,66358
1688,1138,22,1,10719
1689,1139,32,1,13037
1690,1140,82,1,46860
1691,1141,62,3,61707
1692,1141,11,1,1837
1693,1142,61,1,29334
1694,1143,95,1,57891
1695,1144,102,1,47839
1696,1145,55,1,44963
1697,1145,110,3,18147
1698,1146,69,1,5868
1699,1147,33,1,5158
1700,1147,49,1,41139
1701,1148,78,1,5830
1702,1149,92,1,53579
1703,1150,25,1,34368
1704,1151,94,1,42227
1705,1151,93,1,57130
1706,1152,51,3,218184
1707,1153,63,1,62207
1708,1154,10,1,53193
1709,1154,53,3,211443
1710,1154,114,1,60666
1711,1155,25,2,68736
1712,1156,99,2,4396
1713,1156,117,1,60334
1714,1156,97,1,39348
1715,1157,90,1,35574
1716,1157,8,3,195009
1717,1158,32,1,13037
1718,1158,62,2,41138
1719,1159,87,1,54801
1720,1159,4,1,45019
1721,1160,59,3,11034
1722,1161,32,1,13037
1723,1162,108,1,56739
1724,1162,21,1,46005
1725,1162,2,2,142636
1726,1163,91,1,9233
1727,1164,67,2,21652
1728,1164,117,1,60334
1729,1164,25,1,34368
1730,1165,65,1,21285
1731,1165,69,1,5868
1732,1166,53,2,140962
1733,1167,112,1,12342
1734,1167,12,2,145504
1735,1167,14,1,16161
1736,1168,96,1,37186
1737,1169,90,1,35574
1738,1169,40,1,33179
1739,1170,13,1,62483
1740,1171,68,1,60224
1741,1171,54,2,134286
1742,1172,48,1,39149
1743,1173,63,1,62207
1744,1174,58,1,14939
1745,1174,73,1,712
1746,1174,105,2,136190
1747,1175,25,3,103104
1748,1175,34,2,142364
1749,1176,117,1,60334
1750,1177,22,1,10719
1751,1177,11,1,1837
1752,1178,44,1,68226
1753,1179,63,1,62207
1754,1180,8,1,65003
1755,1181,86,3,73773
1756,1181,75,1,53102
1757,1181,102,1,47839
1758,1182,78,1,5830
1759,1183,35,1,72433
1760,1183,120,1,40588
1761,1183,63,1,62207
1762,1184,114,1,60666
1763,1185,31,3,137049
1764,1186,49,1,41139
1765,1186,79,1,27077
1766,1187,13,1,62483
1767,1188,52,2,116404
1768,1188,93,3,171390
1769,1189,16,2,28000
1770,1190,90,2,71148
1771,1191,58,1,14939
1772,1192,61,1,29334
1773,1192,66,1,40839
1774,1193,105,1,68095
1775,1193,42,2,74578
1776,1193,3,3,164940
1777,1194,87,1,54801
1778,1194,57,1,6909
1779,1195,102,1,47839
1780,1195,11,3,5511
1781,1196,61,1,29334
1782,1196,85,1,23530
1783,1196,110,1,6049
1784,1197,92,2,107158
1785,1197,19,2,65132
1786,1198,92,1,53579
1787,1198,65,1,21285
1788,1199,107,1,30955
1789,1200,112,1,12342
