order_id,customer_id,order_date,payment_method
1,11,2024-12-28,NetBanking
2,23,2025-09-05,Debit Card
3,192,2024-08-10,UPI
4,183,2024-02-02,Debit Card
5,376,2025-09-27,UPI
6,396,2025-07-12,UPI
7,171,2024-04-09,Credit Card
8,280,2024-11-05,NetBanking
9,90,2025-10-26,Debit Card
10,357,2025-03-29,UPI
11,416,2024-04-11,Credit Card
12,398,2025-03-07,Credit Card
13,104,2024-01-08,UPI
14,22,2024-10-13,Cash on Delivery
15,264,2025-01-05,Cash on Delivery
16,279,2025-03-23,Debit Card
17,386,2025-09-17,Credit Card
18,183,2024-01-12,NetBanking
19,170,2024-08-30,Credit Card
20,189,2025-02-14,NetBanking
21,381,2025-02-17,NetBanking
22,198,2024-11-06,Cash on Delivery
23,255,2025-11-02,Debit Card
24,409,2025-05-09,Debit Card
25,43,2025-02-01,Credit Card
26,309,2024-05-27,UPI
27,165,2024-03-09,Credit Card
28,339,2024-09-22,Debit Card
29,309,2025-02-03,Credit Card
30,228,2024-11-18,Debit Card
31,373,2024-11-20,UPI
32,223,2024-09-01,UPI
33,406,2024-01-22,Credit Card
34,327,2025-01-13,Debit Card
35,411,2025-10-20,Credit Card
36,16,2024-04-19,NetBanking
37,348,2025-02-15,Credit Card
38,35,2024-07-23,UPI
39,188,2024-11-29,Debit Card
40,291,2023-12-28,UPI
41,348,2025-02-27,Cash on Delivery
42,191,2025-02-21,UPI
43,294,2024-04-13,UPI
44,204,2024-10-11,UPI
45,128,2024-03-20,Credit Card
46,96,2025-04-19,UPI
47,288,2024-03-24,Debit Card
48,134,2025-11-14,Debit Card
49,314,2024-09-12,UPI
50,252,2024-06-16,Credit Card
51,437,2024-02-08,Debit Card
52,366,2025-02-22,Cash on Delivery
53,415,2025-10-23,Cash on Delivery
54,164,2025-10-08,Debit Card
55,34,2025-06-10,UPI
56,154,2024-05-04,UPI
57,359,2025-09-08,Credit Card
58,186,2025-04-28,Credit Card
59,103,2024-04-15,Credit Card
60,253,2023-12-21,Debit Card
61,294,2024-12-06,Debit Card
62,283,2024-04-05,UPI
63,45,2024-01-31,Debit Card
64,368,2025-03-29,UPI
65,394,2025-01-17,NetBanking
66,38,2024-04-01,Cash on Delivery
67,329,2024-02-08,Debit Card
68,349,2025-05-07,Debit Card
69,450,2025-06-11,UPI
70,94,2024-04-05,Debit Card
71,445,2024-01-20,NetBanking
72,266,2024-04-29,Debit Card
73,83,2024-10-20,Cash on Delivery
74,116,2024-11-13,Cash on Delivery
75,266,2024-09-10,NetBanking
76,129,2024-06-13,UPI
77,283,2024-09-01,Credit Card
78,156,2025-08-15,UPI
79,258,2025-09-11,Credit Card
80,298,2024-04-30,Credit Card
81,320,2025-08-05,Debit Card
82,289,2024-01-06,NetBanking
83,15,2024-02-16,Credit Card
84,329,2025-07-07,Debit Card
85,108,2025-07-02,Debit Card
86,328,2023-12-26,Debit Card
87,322,2025-06-05,Debit Card
88,155,2025-04-02,Credit Card
89,414,2025-10-26,Debit Card
90,233,2024-02-07,UPI
91,81,2025-02-17,Debit Card
92,238,2024-06-20,Debit Card
93,74,2024-10-10,NetBanking
94,164,2024-11-12,Cash on Delivery
95,67,2024-12-08,UPI
96,55,2024-10-16,Credit Card
97,63,2024-08-24,Debit Card
98,73,2024-03-03,Credit Card
99,197,2025-08-16,Debit Card
100,444,2024-05-06,NetBanking
101,296,2024-10-10,Credit Card
102,82,2025-04-18,Cash on Delivery
103,240,2025-04-18,NetBanking
104,255,2023-12-18,Credit Card
105,202,2025-04-25,Debit Card
106,124,2024-07-02,UPI
107,25,2024-01-15,Debit Card
108,306,2025-09-24,UPI
109,147,2025-05-27,Credit Card
110,56,2025-02-08,Credit Card
111,136,2024-12-03,UPI
112,188,2024-01-10,Debit Card
113,292,2025-06-22,Credit Card
114,284,2024-09-15,Credit Card
115,259,2025-02-28,UPI
116,144,2025-08-24,UPI
117,61,2024-04-04,Cash on Delivery
118,202,2024-12-11,UPI
119,174,2025-06-18,Cash on Delivery
120,387,2024-04-20,Credit Card
121,261,2025-01-09,UPI
122,24,2024-01-03,Credit Card
123,171,2025-03-24,UPI
124,77,2025-08-06,NetBanking
125,72,2024-10-25,Cash on Delivery
126,164,2024-05-09,Debit Card
127,316,2024-09-26,UPI
128,260,2025-04-29,UPI
129,363,2025-06-23,Debit Card
130,418,2023-12-12,Debit Card
131,345,2024-03-16,Cash on Delivery
132,299,2024-10-05,UPI
133,372,2025-10-29,UPI
134,306,2025-03-24,Debit Card
135,336,2025-07-09,UPI
136,370,2024-01-16,UPI
137,88,2025-05-14,UPI
138,318,2024-12-18,Credit Card
139,349,2024-07-30,Credit Card
140,359,2024-03-16,Credit Card
141,226,2024-10-11,Debit Card
142,212,2025-11-01,Credit Card
143,257,2025-08-12,Cash on Delivery
144,447,2024-01-27,UPI
145,266,2024-06-24,UPI
146,340,2025-03-28,UPI
147,161,2024-05-20,Debit Card
148,273,2024-11-09,UPI
149,347,2025-10-22,UPI
150,355,2024-08-21,UPI
151,99,2024-08-03,Debit Card
152,153,2024-07-12,Cash on Delivery
153,153,2024-09-15,UPI
154,354,2025-11-15,Debit Card
155,246,2024-11-16,UPI
156,408,2024-08-31,Debit Card
157,294,2025-10-17,UPI
158,203,2024-11-12,Cash on Delivery
159,412,2024-04-22,Debit Card
160,148,2024-02-13,Debit Card
161,227,2025-09-26,Debit Card
162,246,2024-07-01,Credit Card
163,276,2024-08-28,Cash on Delivery
164,357,2024-08-29,Credit Card
165,316,2025-07-17,Credit Card
166,26,2025-10-10,Cash on Delivery
167,116,2025-09-08,Credit Card
168,52,2025-01-21,Debit Card
169,242,2024-03-06,UPI
170,71,2023-11-30,Cash on Delivery
171,81,2025-01-14,UPI
172,450,2025-03-26,Debit Card
173,103,2024-09-14,Debit Card
174,331,2024-01-24,Cash on Delivery
175,46,2025-09-22,UPI
176,274,2024-01-02,Cash on Delivery
177,90,2025-01-25,NetBanking
178,91,2024-01-01,Cash on Delivery
179,204,2025-04-15,Credit Card
180,384,2024-09-16,NetBanking
181,5,2024-09-25,UPI
182,55,2024-11-02,Debit Card
183,329,2025-06-03,UPI
184,69,2025-04-24,Debit Card
185,99,2024-03-19,Debit Card
186,375,2025-03-08,UPI
187,368,2024-06-02,Credit Card
188,173,2024-09-22,UPI
189,388,2024-06-09,Credit Card
190,439,2025-09-09,NetBanking
191,424,2025-02-04,UPI
192,45,2025-01-08,UPI
193,95,2024-04-16,Debit Card
194,128,2023-12-01,Debit Card
195,121,2025-02-24,UPI
196,169,2024-09-29,UPI
197,294,2023-12-06,Debit Card
198,185,2025-11-03,Credit Card
199,342,2024-03-25,Debit Card
200,82,2025-01-13,UPI
201,361,2024-10-08,UPI
202,328,2024-09-22,Debit Card
203,114,2024-07-06,Cash on Delivery
204,245,2024-04-29,Debit Card
205,311,2024-12-11,Debit Card
206,282,2025-03-21,UPI
207,411,2025-10-05,NetBanking
208,391,2024-08-04,UPI
209,306,2024-02-16,UPI
210,271,2025-11-14,Debit Card
211,289,2024-03-18,Credit Card
212,281,2025-04-25,Credit Card
213,275,2024-04-26,Credit Card
214,438,2025-05-10,Debit Card
215,349,2024-06-22,UPI
216,251,2024-02-26,NetBanking
217,229,2024-01-20,Debit Card
218,263,2025-01-23,Debit Card
219,30,2025-06-19,Debit Card
220,414,2024-10-05,UPI
221,203,2024-08-11,NetBanking
222,382,2024-07-05,UPI
223,24,2025-01-31,Debit Card
224,33,2025-06-01,Cash on Delivery
225,36,2025-03-22,Credit Card
226,210,2024-05-27,UPI
227,393,2025-09-11,Cash on Delivery
228,331,2025-01-28,Debit Card
229,196,2025-02-26,NetBanking
230,194,2024-12-13,Credit Card
231,339,2025-05-30,Credit Card
232,441,2024-11-15,Credit Card
233,276,2024-12-31,UPI
234,373,2024-07-10,NetBanking
235,388,2023-12-18,Cash on Delivery
236,238,2025-10-14,UPI
237,218,2025-05-22,Debit Card
238,118,2024-08-04,Debit Card
239,80,2024-09-02,Credit Card
240,449,2024-03-19,Credit Card
241,339,2025-01-27,UPI
242,9,2024-07-28,Credit Card
243,52,2025-07-25,Credit Card
244,307,2025-10-13,UPI
245,25,2024-08-01,UPI
246,206,2025-02-16,Credit Card
247,112,2024-01-21,Credit Card
248,149,2024-07-21,NetBanking
249,375,2025-07-06,Debit Card
250,307,2025-10-13,NetBanking
251,122,2024-09-29,NetBanking
252,339,2025-05-11,Credit Card
253,154,2024-09-01,Credit Card
254,303,2024-05-22,UPI
255,219,2025-06-16,Debit Card
256,177,2025-09-13,UPI
257,403,2025-05-15,Debit Card
258,214,2025-01-16,Credit Card
259,193,2024-05-31,UPI
260,243,2024-07-28,NetBanking
261,154,2025-11-18,Credit Card
262,238,2024-01-23,UPI
263,214,2025-06-17,UPI
264,199,2024-07-30,Debit Card
265,170,2025-09-17,Credit Card
266,231,2024-12-08,Credit Card
267,371,2024-06-07,Credit Card
268,194,2025-10-14,UPI
269,21,2024-02-07,Credit Card
270,390,2025-07-18,UPI
271,287,2024-07-04,Debit Card
272,446,2024-10-30,Debit Card
273,8,2024-06-28,Cash on Delivery
274,380,2024-03-24,UPI
275,387,2025-03-29,Cash on Delivery
276,357,2025-08-04,UPI
277,204,2024-07-27,UPI
278,398,2024-09-09,Debit Card
279,274,2025-09-19,Debit Card
280,134,2024-11-27,UPI
281,255,2025-03-16,Credit Card
282,370,2025-03-19,UPI
283,164,2024-06-20,Debit Card
284,212,2024-01-10,UPI
285,114,2024-04-22,Credit Card
286,284,2025-07-15,UPI
287,214,2024-09-22,Credit Card
288,169,2024-07-17,Debit Card
289,427,2024-08-02,Debit Card
290,336,2025-10-26,Debit Card
291,391,2025-04-08,Cash on Delivery
292,329,2025-04-10,Debit Card
293,376,2024-11-19,Credit Card
294,369,2025-06-06,Debit Card
295,278,2025-09-12,Cash on Delivery
296,269,2023-12-29,NetBanking
297,39,2025-10-09,Credit Card
298,4,2025-01-20,Credit Card
299,323,2024-07-18,Credit Card
300,78,2023-12-04,Credit Card
301,234,2024-12-11,Credit Card
302,327,2025-10-07,Cash on Delivery
303,248,2025-09-30,Debit Card
304,4,2025-05-22,UPI
305,7,2023-12-12,UPI
306,141,2025-05-26,Cash on Delivery
307,9,2025-04-22,NetBanking
308,346,2025-02-07,NetBanking
309,92,2024-03-13,Cash on Delivery
310,269,2024-04-25,Credit Card
311,318,2025-05-17,Debit Card
312,182,2024-08-24,UPI
313,41,2024-12-11,Cash on Delivery
314,236,2025-06-25,Credit Card
315,357,2024-07-13,Debit Card
316,424,2024-02-15,UPI
317,440,2025-09-20,UPI
318,48,2025-01-13,Debit Card
319,283,2025-03-26,Credit Card
320,5,2025-11-13,Credit Card
321,256,2025-02-11,UPI
322,170,2025-06-26,Cash on Delivery
323,49,2025-05-18,Cash on Delivery
324,118,2024-06-28,Cash on Delivery
325,355,2025-06-27,Debit Card
326,24,2024-02-09,UPI
327,144,2025-06-03,UPI
328,17,2024-05-26,Cash on Delivery
329,162,2023-12-11,Cash on Delivery
330,301,2024-04-20,UPI
331,365,2025-01-05,Cash on Delivery
332,154,2024-05-09,UPI
333,291,2024-12-27,UPI
334,277,2024-10-29,Debit Card
335,379,2024-04-16,UPI
336,353,2024-02-13,UPI
337,178,2024-01-18,Credit Card
338,119,2024-02-10,Debit Card
339,394,2025-08-14,Cash on Delivery
340,204,2024-10-24,Credit Card
341,140,2025-02-28,Debit Card
342,183,2025-06-13,Cash on Delivery
343,222,2024-06-02,UPI
344,339,2024-12-18,Credit Card
345,317,2024-09-22,UPI
346,366,2024-02-08,Credit Card
347,79,2024-12-18,UPI
348,325,2024-04-30,UPI
349,163,2024-11-28,Credit Card
350,3,2024-10-05,Debit Card
351,390,2024-08-27,Credit Card
352,45,2024-06-03,Debit Card
353,286,2025-06-15,UPI
354,53,2023-12-21,Credit Card
355,284,2024-02-28,UPI
356,402,2024-10-22,NetBanking
357,7,2024-09-18,Debit Card
358,399,2024-02-19,UPI
359,287,2024-07-30,UPI
360,87,2025-10-26,Debit Card
361,72,2024-08-26,Debit Card
362,253,2024-04-22,Credit Card
363,223,2024-09-02,Debit Card
364,248,2024-02-11,Debit Card
365,127,2025-08-26,Debit Card
366,316,2024-06-12,Debit Card
367,70,2024-10-01,Credit Card
368,203,2024-10-30,NetBanking
369,195,2024-10-27,Debit Card
370,221,2025-09-21,Cash on Delivery
371,70,2024-09-27,Debit Card
372,356,2024-06-17,Debit Card
373,91,2025-01-05,Cash on Delivery
374,150,2025-11-05,UPI
375,295,2024-07-30,Debit Card
376,144,2024-12-31,Debit Card
377,289,2024-06-16,UPI
378,280,2024-05-27,UPI
379,282,2023-12-22,Cash on Delivery
380,237,2025-11-19,Credit Card
381,409,2024-09-18,NetBanking
382,36,2025-01-16,UPI
383,72,2025-09-03,Debit Card
384,130,2025-09-29,Credit Card
385,217,2024-12-15,Credit Card
386,307,2025-03-29,UPI
387,274,2025-04-26,Cash on Delivery
388,446,2025-11-02,Debit Card
389,19,2024-11-27,UPI
390,416,2025-05-27,UPI
391,44,2024-03-15,UPI
392,337,2025-10-05,Debit Card
393,332,2025-08-13,Credit Card
394,331,2025-10-18,UPI
395,386,2024-10-29,Cash on Delivery
396,221,2024-03-12,Credit Card
397,133,2024-07-09,UPI
398,266,2025-06-18,UPI
399,295,2024-07-08,Debit Card
400,201,2025-03-13,UPI
401,302,2025-11-01,UPI
402,177,2023-12-20,Debit Card
403,152,2025-01-23,Cash on Delivery
404,44,2024-03-22,NetBanking
405,374,2024-04-18,Debit Card
406,176,2025-03-05,UPI
407,267,2025-04-02,Debit Card
408,50,2025-02-15,UPI
409,232,2024-10-16,Credit Card
410,23,2025-11-21,Credit Card
411,435,2024-11-10,UPI
412,347,2024-05-11,Cash on Delivery
413,380,2024-07-31,UPI
414,283,2024-05-06,Debit Card
415,219,2025-03-12,Credit Card
416,208,2025-08-30,Credit Card
417,328,2025-09-28,Debit Card
418,15,2025-08-14,NetBanking
419,231,2025-07-23,Debit Card
420,3,2025-11-15,Credit Card
421,143,2025-11-14,NetBanking
422,33,2025-07-08,Credit Card
423,447,2025-05-27,Credit Card
424,167,2024-06-13,Debit Card
425,135,2025-10-11,NetBanking
426,271,2025-09-09,Debit Card
427,199,2025-08-11,Debit Card
428,59,2024-11-15,Debit Card
429,235,2025-08-18,Credit Card
430,345,2025-11-16,NetBanking
431,315,2025-07-21,Credit Card
432,69,2024-10-10,Credit Card
433,157,2024-03-23,Credit Card
434,356,2024-04-17,UPI
435,215,2025-07-27,Credit Card
436,197,2025-01-31,Credit Card
437,326,2025-05-28,UPI
438,331,2024-05-20,UPI
439,251,2024-09-15,Credit Card
440,162,2025-02-28,UPI
441,444,2024-11-26,Cash on Delivery
442,249,2024-04-12,Credit Card
443,197,2025-06-22,UPI
444,254,2025-01-16,UPI
445,213,2025-11-21,NetBanking
446,251,2024-05-14,Credit Card
447,16,2024-07-07,Debit Card
448,141,2024-07-12,UPI
449,87,2025-03-07,UPI
450,396,2025-04-15,UPI
451,58,2025-07-03,Credit Card
452,397,2025-06-03,NetBanking
453,188,2025-06-02,NetBanking
454,22,2025-02-18,UPI
455,218,2024-03-08,UPI
456,335,2024-08-04,Debit Card
457,17,2025-02-27,Debit Card
458,442,2024-02-22,Debit Card
459,61,2024-07-24,Credit Card
460,378,2025-07-19,UPI
461,441,2025-11-21,UPI
462,220,2024-05-12,UPI
463,402,2024-06-23,NetBanking
464,413,2024-01-24,UPI
465,273,2024-09-07,UPI
466,87,2024-10-21,Cash on Delivery
467,150,2024-09-16,UPI
468,440,2025-05-04,Cash on Delivery
469,348,2024-03-01,Credit Card
470,385,2025-01-19,Cash on Delivery
471,142,2025-09-26,Credit Card
472,444,2024-04-08,Credit Card
473,365,2024-10-19,NetBanking
474,390,2025-10-17,Debit Card
475,73,2025-07-08,UPI
476,322,2025-01-22,Debit Card
477,39,2025-09-03,UPI
478,394,2024-02-28,Debit Card
479,384,2024-09-04,UPI
480,450,2024-12-06,Debit Card
481,250,2024-10-25,UPI
482,445,2024-02-28,UPI
483,235,2025-09-05,UPI
484,184,2024-01-28,UPI
485,204,2024-07-05,Cash on Delivery
486,423,2024-06-28,Debit Card
487,166,2024-09-10,Debit Card
488,296,2024-04-06,UPI
489,249,2024-11-10,NetBanking
490,391,2024-01-13,Credit Card
491,321,2025-03-09,Credit Card
492,440,2024-05-04,Debit Card
493,1,2025-02-05,Credit Card
494,353,2024-04-08,NetBanking
495,155,2024-05-05,NetBanking
496,449,2024-08-31,Credit Card
497,185,2024-08-07,Credit Card
498,341,2025-09-19,Credit Card
499,203,2025-08-26,Debit Card
500,359,2024-07-21,Debit Card
501,47,2025-11-14,Credit Card
502,110,2025-03-27,Credit Card
503,304,2024-07-13,UPI
504,228,2023-12-04,Credit Card
505,176,2024-03-27,Cash on Delivery
506,217,2025-11-04,Credit Card
507,37,2024-07-16,Debit Card
508,375,2024-03-08,Credit Card
509,189,2024-09-26,Credit Card
510,397,2024-04-09,UPI
511,347,2024-04-19,Credit Card
512,289,2023-12-03,UPI
513,85,2025-02-17,Debit Card
514,110,2025-08-29,UPI
515,211,2025-08-16,UPI
516,441,2024-07-04,Credit Card
517,52,2024-04-16,UPI
518,302,2024-12-22,Debit Card
519,220,2024-10-12,UPI
520,127,2024-09-03,UPI
521,128,2025-06-13,UPI
522,370,2025-08-08,Debit Card
523,354,2023-12-22,NetBanking
524,338,2024-09-28,Credit Card
525,311,2025-04-29,Credit Card
526,201,2024-09-22,UPI
527,402,2024-07-27,Debit Card
528,58,2024-07-28,Debit Card
529,305,2024-02-05,UPI
530,7,2024-11-28,Cash on Delivery
531,68,2024-12-25,NetBanking
532,292,2025-01-28,Debit Card
533,350,2024-05-19,UPI
534,395,2024-02-07,Credit Card
535,35,2023-12-09,Debit Card
536,21,2024-01-25,Cash on Delivery
537,204,2025-04-26,Debit Card
538,365,2025-04-21,UPI
539,217,2025-11-12,Debit Card
540,328,2025-05-27,UPI
541,79,2024-09-04,Credit Card
542,41,2025-05-01,Cash on Delivery
543,414,2024-05-02,UPI
544,201,2025-07-17,UPI
545,428,2025-09-20,UPI
546,34,2024-10-07,UPI
547,374,2024-07-26,Credit Card
548,45,2025-02-11,Credit Card
549,314,2025-08-09,Credit Card
550,342,2025-09-28,UPI
551,62,2023-12-07,UPI
552,360,2023-12-06,Credit Card
553,178,2025-05-13,UPI
554,422,2024-08-16,Credit Card
555,65,2024-08-26,UPI
556,61,2023-12-25,Debit Card
557,220,2024-08-29,UPI
558,135,2025-11-23,Cash on Delivery
559,322,2024-02-11,Debit Card
560,262,2024-11-27,Credit Card
561,440,2025-06-27,Credit Card
562,81,2024-08-12,UPI
563,294,2025-10-15,UPI
564,117,2025-04-29,Credit Card
565,440,2023-12-07,Credit Card
566,242,2024-12-01,Debit Card
567,77,2024-05-26,Cash on Delivery
568,440,2023-12-31,UPI
569,366,2025-09-26,Debit Card
570,165,2024-08-05,Debit Card
571,369,2024-10-17,Debit Card
572,40,2025-07-02,Debit Card
573,258,2025-10-14,Cash on Delivery
574,92,2024-07-10,NetBanking
575,24,2025-01-08,Credit Card
576,239,2024-09-09,UPI
577,160,2024-10-25,Credit Card
578,234,2023-12-03,Debit Card
579,150,2025-06-24,UPI
580,379,2025-08-23,Credit Card
581,189,2025-07-22,Cash on Delivery
582,396,2024-06-12,UPI
583,280,2024-08-02,Credit Card
584,210,2023-12-19,Credit Card
585,178,2025-09-06,NetBanking
586,450,2023-12-04,Cash on Delivery
587,1,2025-09-28,Debit Card
588,378,2024-10-04,Credit Card
589,272,2024-07-25,Debit Card
590,31,2024-04-18,UPI
591,48,2024-01-08,Cash on Delivery
592,433,2025-05-10,Debit Card
593,191,2025-03-08,Cash on Delivery
594,44,2025-07-11,Credit Card
595,69,2025-09-07,NetBanking
596,39,2025-07-23,UPI
597,223,2025-10-03,Cash on Delivery
598,122,2024-09-18,Debit Card
599,162,2024-12-31,UPI
600,377,2024-10-24,Debit Card
601,140,2024-07-21,Credit Card
602,104,2024-04-12,UPI
603,300,2024-03-15,Credit Card
604,85,2025-02-27,Debit Card
605,209,2024-03-27,UPI
606,395,2024-06-24,Debit Card
607,238,2024-08-22,NetBanking
608,47,2024-05-04,NetBanking
609,156,2025-11-15,UPI
610,21,2024-07-02,NetBanking
611,168,2024-04-24,Credit Card
612,128,2024-11-23,Debit Card
613,26,2025-10-18,Debit Card
614,420,2024-05-21,Credit Card
615,208,2025-03-02,UPI
616,282,2024-08-06,Credit Card
617,53,2024-04-16,Credit Card
618,32,2024-07-09,Credit Card
619,422,2025-01-08,Debit Card
620,323,2025-09-15,Credit Card
621,301,2024-08-16,Cash on Delivery
622,39,2023-12-17,Cash on Delivery
623,102,2025-09-16,Debit Card
624,66,2024-02-27,Cash on Delivery
625,425,2024-10-29,Credit Card
626,237,2024-01-15,Credit Card
627,294,2025-02-10,NetBanking
628,203,2025-04-16,Credit Card
629,350,2025-02-03,Credit Card
630,110,2024-06-03,Debit Card
631,229,2024-04-25,Credit Card
632,318,2025-08-17,Credit Card
633,152,2025-04-18,Debit Card
634,282,2025-03-29,Credit Card
635,144,2024-12-21,Credit Card
636,103,2025-09-13,NetBanking
637,270,2024-08-06,UPI
638,411,2025-06-03,UPI
639,196,2025-11-24,Debit Card
640,279,2025-04-04,Debit Card
641,290,2025-04-22,Debit Card
642,139,2024-05-27,Credit Card
643,306,2024-07-06,Credit Card
644,416,2024-09-07,Credit Card
645,242,2025-05-20,Debit Card
646,300,2024-07-20,Cash on Delivery
647,52,2024-08-04,UPI
648,137,2025-05-24,NetBanking
649,378,2024-01-21,UPI
650,113,2025-07-06,NetBanking
651,409,2024-12-26,Debit Card
652,430,2024-05-20,Credit Card
653,304,2024-10-15,NetBanking
654,358,2024-11-26,Cash on Delivery
655,15,2025-11-14,UPI
656,291,2025-06-24,Credit Card
657,97,2025-04-12,UPI
658,90,2025-04-10,Credit Card
659,29,2024-07-20,UPI
660,11,2025-05-17,Debit Card
661,170,2025-08-14,Credit Card
662,67,2024-11-07,UPI
663,411,2024-10-21,Credit Card
664,76,2025-07-17,UPI
665,73,2024-03-17,NetBanking
666,441,2024-12-02,Cash on Delivery
667,192,2025-11-15,Cash on Delivery
668,203,2025-07-17,Credit Card
669,155,2024-10-20,Credit Card
670,81,2025-02-14,UPI
671,250,2025-09-19,Debit Card
672,363,2025-06-22,UPI
673,315,2024-11-24,Credit Card
674,302,2024-05-22,Debit Card
675,376,2025-10-30,Debit Card
676,91,2023-11-26,Cash on Delivery
677,294,2024-12-29,NetBanking
678,395,2025-06-28,Credit Card
679,309,2024-10-15,Cash on Delivery
680,314,2024-07-08,UPI
681,54,2025-04-16,Credit Card
682,382,2024-02-12,Credit Card
683,164,2024-05-14,UPI
684,46,2025-11-19,UPI
685,374,2024-11-02,Debit Card
686,136,2024-06-26,Credit Card
687,35,2024-11-17,Debit Card
688,56,2023-11-26,Credit Card
689,225,2025-01-27,Cash on Delivery
690,212,2025-04-12,NetBanking
691,180,2025-06-06,Debit Card
692,425,2025-03-29,UPI
693,296,2025-09-21,UPI
694,116,2024-05-09,Debit Card
695,410,2023-12-29,Debit Card
696,164,2024-08-18,Cash on Delivery
697,38,2024-11-09,Credit Card
698,193,2024-05-07,UPI
699,281,2024-02-28,Debit Card
700,315,2025-04-02,UPI
701,221,2025-09-24,Credit Card
702,223,2024-05-03,Credit Card
703,170,2024-06-22,Cash on Delivery
704,210,2025-11-07,UPI
705,374,2025-05-31,Debit Card
706,145,2024-09-24,Credit Card
707,26,2024-12-31,UPI
708,431,2025-04-10,Credit Card
709,185,2023-11-28,Debit Card
710,151,2025-10-02,UPI
711,246,2024-06-16,Credit Card
712,106,2024-05-17,UPI
713,42,2025-03-23,NetBanking
714,158,2025-01-05,Debit Card
715,339,2024-08-22,Credit Card
716,279,2024-12-25,Credit Card
717,196,2024-12-07,Credit Card
718,23,2024-08-20,Debit Card
719,135,2024-07-13,NetBanking
720,289,2024-01-27,Credit Card
721,357,2025-10-08,Credit Card
722,343,2024-11-11,NetBanking
723,212,2025-07-20,Credit Card
724,32,2024-12-25,NetBanking
725,215,2025-05-26,UPI
726,244,2025-07-03,NetBanking
727,244,2024-09-26,Credit Card
728,438,2023-12-30,UPI
729,265,2025-07-02,UPI
730,318,2024-04-23,Credit Card
731,388,2025-02-26,Credit Card
732,86,2024-06-28,NetBanking
733,65,2024-01-07,Debit Card
734,350,2025-02-12,Credit Card
735,422,2025-08-28,Credit Card
736,305,2024-08-15,Debit Card
737,373,2024-02-01,Credit Card
738,285,2025-01-04,UPI
739,439,2024-09-02,UPI
740,448,2023-12-07,UPI
741,320,2025-07-18,UPI
742,215,2024-03-19,Debit Card
743,76,2025-06-27,UPI
744,389,2024-03-06,Cash on Delivery
745,289,2024-03-07,UPI
746,445,2025-05-26,NetBanking
747,450,2025-01-18,Debit Card
748,336,2025-04-05,UPI
749,243,2024-01-02,Credit Card
750,207,2024-04-20,UPI
751,349,2025-11-04,Debit Card
752,203,2024-10-29,UPI
753,26,2025-03-25,Cash on Delivery
754,191,2023-12-15,Debit Card
755,407,2024-09-30,Debit Card
756,432,2025-04-11,NetBanking
757,351,2024-03-04,Cash on Delivery
758,117,2024-04-10,Debit Card
759,381,2025-02-20,UPI
760,165,2024-08-26,UPI
761,310,2025-09-16,Credit Card
762,227,2024-06-28,Cash on Delivery
763,209,2025-04-04,UPI
764,445,2024-12-11,NetBanking
765,264,2024-05-05,Credit Card
766,364,2025-04-26,Debit Card
767,400,2025-05-14,NetBanking
768,15,2024-05-20,Credit Card
769,427,2024-06-17,NetBanking
770,128,2023-12-28,Debit Card
771,185,2025-11-15,Credit Card
772,189,2025-03-14,UPI
773,326,2024-03-30,UPI
774,124,2024-12-10,Debit Card
775,229,2024-05-24,Cash on Delivery
776,243,2025-07-17,UPI
777,177,2024-05-10,NetBanking
778,133,2025-10-30,Credit Card
779,15,2024-12-24,Credit Card
780,438,2025-07-02,UPI
781,110,2024-07-08,UPI
782,347,2024-06-23,Debit Card
783,210,2025-05-03,Credit Card
784,400,2025-10-23,Credit Card
785,68,2025-09-17,Credit Card
786,411,2023-12-03,Credit Card
787,312,2024-10-02,UPI
788,364,2025-09-13,Debit Card
789,193,2024-11-16,Debit Card
790,112,2025-03-16,Debit Card
791,267,2025-08-24,Debit Card
792,53,2023-12-02,UPI
793,340,2024-12-12,UPI
794,305,2025-08-09,Debit Card
795,351,2024-03-14,Debit Card
796,173,2024-09-03,UPI
797,442,2024-09-03,Debit Card
798,365,2025-09-22,Debit Card
799,77,2025-05-07,UPI
800,30,2025-07-31,Debit Card
801,164,2025-10-22,Credit Card
802,14,2025-09-26,Debit Card
803,152,2024-08-16,Cash on Delivery
804,208,2024-12-26,UPI
805,299,2025-11-19,Cash on Delivery
806,418,2024-06-06,Debit Card
807,366,2024-07-09,UPI
808,327,2025-03-26,Cash on Delivery
809,344,2024-11-26,UPI
810,433,2024-05-17,NetBanking
811,449,2025-06-18,Credit Card
812,50,2025-03-21,Credit Card
813,133,2025-06-19,UPI
814,94,2025-10-21,NetBanking
815,336,2024-02-24,Credit Card
816,115,2024-10-04,Debit Card
817,170,2024-12-09,Debit Card
818,151,2025-03-13,NetBanking
819,241,2024-01-18,NetBanking
820,299,2025-07-11,Cash on Delivery
821,37,2025-03-22,NetBanking
822,257,2024-03-26,NetBanking
823,196,2025-05-20,Debit Card
824,28,2024-04-27,Credit Card
825,103,2024-11-09,Debit Card
826,292,2025-03-07,Credit Card
827,442,2024-05-27,UPI
828,250,2024-10-30,UPI
829,91,2024-10-10,UPI
830,3,2025-03-01,Debit Card
831,390,2024-05-15,UPI
832,82,2025-04-09,UPI
833,400,2024-02-23,Credit Card
834,223,2025-09-03,Debit Card
835,220,2025-03-27,Debit Card
836,20,2025-05-24,Credit Card
837,192,2023-12-09,NetBanking
838,388,2025-05-21,Credit Card
839,347,2023-11-29,UPI
840,128,2024-07-13,UPI
841,177,2024-10-09,Credit Card
842,197,2025-04-23,UPI
843,86,2024-01-30,NetBanking
844,153,2024-09-17,Debit Card
845,267,2025-07-27,UPI
846,223,2025-10-28,Cash on Delivery
847,176,2025-04-09,Debit Card
848,97,2024-05-11,Cash on Delivery
849,416,2025-01-11,Credit Card
850,115,2024-04-07,Credit Card
851,12,2025-07-20,UPI
852,64,2024-12-04,UPI
853,406,2024-01-02,Debit Card
854,328,2024-08-12,UPI
855,320,2024-01-13,UPI
856,25,2025-10-02,Credit Card
857,429,2023-12-15,Credit Card
858,60,2025-01-24,Debit Card
859,64,2025-06-07,Debit Card
860,360,2024-04-29,Credit Card
861,352,2025-08-31,Credit Card
862,216,2025-10-02,Credit Card
863,267,2024-08-27,UPI
864,359,2024-04-13,Debit Card
865,54,2025-05-01,UPI
866,61,2024-09-09,Credit Card
867,55,2025-04-17,Credit Card
868,103,2024-08-20,NetBanking
869,104,2024-11-25,UPI
870,152,2024-05-07,Credit Card
871,255,2024-06-24,UPI
872,247,2024-10-28,Credit Card
873,7,2025-10-12,Credit Card
874,57,2025-07-04,UPI
875,77,2024-02-25,UPI
876,39,2024-03-07,Cash on Delivery
877,330,2024-07-18,Debit Card
878,152,2024-08-21,Debit Card
879,52,2024-05-21,NetBanking
880,437,2024-09-17,Debit Card
881,347,2024-10-10,Debit Card
882,60,2024-03-01,NetBanking
883,24,2023-12-04,NetBanking
884,340,2025-09-17,Credit Card
885,184,2025-02-15,Cash on Delivery
886,138,2024-02-28,Debit Card
887,176,2024-05-30,Credit Card
888,205,2025-03-06,Debit Card
889,198,2025-10-31,NetBanking
890,410,2025-01-29,UPI
891,409,2024-05-13,Credit Card
892,357,2024-01-24,Cash on Delivery
893,433,2024-05-06,Credit Card
894,303,2025-04-02,NetBanking
895,348,2025-02-15,Credit Card
896,195,2024-11-26,UPI
897,442,2025-10-25,NetBanking
898,373,2024-04-06,Debit Card
899,250,2024-03-19,NetBanking
900,226,2024-01-11,Credit Card
901,336,2024-10-11,Credit Card
902,445,2025-10-19,UPI
903,381,2025-07-07,UPI
904,115,2025-10-10,NetBanking
905,266,2025-05-13,UPI
906,317,2024-03-01,Debit Card
907,373,2024-08-05,Debit Card
908,340,2025-10-17,UPI
909,77,2025-06-18,NetBanking
910,314,2024-01-19,Credit Card
911,81,2025-04-25,NetBanking
912,437,2025-04-15,NetBanking
913,39,2025-04-11,Debit Card
914,170,2024-09-04,Credit Card
915,115,2025-06-10,UPI
916,207,2024-07-22,Credit Card
917,228,2025-07-03,Debit Card
918,439,2025-04-18,Debit Card
919,61,2025-04-17,UPI
920,10,2024-03-09,Debit Card
921,19,2025-06-17,UPI
922,423,2024-02-26,UPI
923,317,2025-09-07,Debit Card
924,261,2025-06-22,Credit Card
925,344,2025-03-06,Cash on Delivery
926,187,2024-01-19,NetBanking
927,433,2025-03-04,Debit Card
928,393,2025-08-20,UPI
929,367,2025-09-27,Debit Card
930,232,2024-03-20,Credit Card
931,338,2024-07-09,Credit Card
932,182,2025-09-03,Cash on Delivery
933,150,2025-06-07,UPI
934,360,2024-03-12,Credit Card
935,85,2025-04-12,Credit Card
936,368,2025-01-17,Credit Card
937,313,2024-06-12,Credit Card
938,437,2024-12-31,Credit Card
939,423,2024-06-07,UPI
940,56,2025-01-22,Credit Card
941,325,2025-10-13,UPI
942,396,2025-02-28,Debit Card
943,302,2025-04-24,Credit Card
944,256,2023-11-29,UPI
945,25,2025-06-13,Cash on Delivery
946,430,2025-07-16,Debit Card
947,261,2024-05-24,UPI
948,89,2024-04-04,Credit Card
949,337,2025-07-31,UPI
950,165,2025-04-24,NetBanking
951,215,2025-08-09,Cash on Delivery
952,391,2024-08-05,Debit Card
953,176,2024-09-21,Debit Card
954,69,2024-04-14,Debit Card
955,359,2025-05-02,Debit Card
956,360,2025-06-07,NetBanking
957,365,2025-06-13,UPI
958,103,2024-06-26,UPI
959,149,2025-10-28,Debit Card
960,345,2024-04-08,Cash on Delivery
961,333,2024-05-25,UPI
962,356,2025-09-07,Debit Card
963,60,2024-11-19,UPI
964,299,2025-07-01,Cash on Delivery
965,364,2025-01-25,UPI
966,431,2025-05-24,Debit Card
967,434,2025-01-30,NetBanking
968,268,2024-03-13,Credit Card
969,75,2024-01-18,UPI
970,103,2024-08-24,UPI
971,83,2024-09-13,UPI
972,75,2024-01-27,UPI
973,152,2024-06-20,UPI
974,17,2024-11-26,NetBanking
975,53,2025-08-16,NetBanking
976,379,2025-06-22,NetBanking
977,381,2025-09-17,UPI
978,122,2025-05-01,UPI
979,409,2025-11-06,Debit Card
980,341,2024-01-12,Cash on Delivery
981,199,2025-01-24,Cash on Delivery
982,351,2024-10-10,Cash on Delivery
983,28,2023-12-08,UPI
984,104,2025-08-21,NetBanking
985,441,2025-02-20,NetBanking
986,325,2025-11-15,UPI
987,189,2025-07-19,UPI
988,309,2024-06-13,UPI
989,100,2024-09-21,Debit Card
990,350,2024-02-09,Credit Card
991,89,2025-05-04,Credit Card
992,21,2025-02-05,Debit Card
993,136,2024-04-06,Credit Card
994,434,2024-08-12,Credit Card
995,239,2025-11-20,Cash on Delivery
996,21,2024-04-30,Cash on Delivery
997,306,2024-01-16,UPI
998,321,2025-08-16,NetBanking
999,155,2025-04-10,UPI
1000,282,2024-11-25,Credit Card
1001,363,2024-10-15,UPI
1002,95,2025-05-11,Credit Card
1003,259,2024-05-06,Debit Card
1004,275,2025-01-11,Credit Card
1005,114,2024-06-30,UPI
1006,170,2024-11-28,Debit Card
1007,386,2025-08-19,UPI
1008,288,2025-09-19,Credit Card
1009,343,2024-11-13,Debit Card
1010,329,2025-08-14,Cash on Delivery
1011,125,2024-01-04,UPI
1012,165,2024-12-19,Cash on Delivery
1013,59,2024-12-24,Debit Card
1014,371,2024-09-09,Credit Card
1015,265,2024-12-12,UPI
1016,261,2025-02-23,Debit Card
1017,152,2025-09-22,Credit Card
1018,264,2024-02-17,Cash on Delivery
1019,86,2025-05-28,UPI
1020,321,2024-01-31,Credit Card
1021,323,2024-06-30,NetBanking
1022,218,2024-03-10,Credit Card
1023,425,2025-11-13,NetBanking
1024,380,2025-02-12,UPI
1025,37,2025-10-27,Credit Card
1026,236,2024-10-29,Credit Card
1027,38,2024-01-19,Credit Card
1028,129,2025-06-18,Credit Card
1029,421,2024-07-15,Cash on Delivery
1030,209,2024-12-26,Debit Card
1031,208,2025-02-10,Debit Card
1032,200,2025-10-14,Credit Card
1033,4,2025-09-11,UPI
1034,33,2025-07-16,Credit Card
1035,435,2024-02-07,Debit Card
1036,258,2024-03-12,Debit Card
1037,352,2024-09-28,UPI
1038,145,2025-02-15,Debit Card
1039,421,2025-10-01,Credit Card
1040,81,2025-05-24,Credit Card
1041,383,2024-12-29,UPI
1042,435,2025-06-05,Debit Card
1043,325,2024-04-20,Debit Card
1044,408,2025-09-18,Debit Card
1045,6,2025-06-13,NetBanking
1046,73,2024-03-30,Credit Card
1047,294,2025-07-27,Debit Card
1048,281,2024-02-20,Debit Card
1049,384,2024-11-11,Credit Card
1050,331,2025-05-02,Credit Card
1051,95,2024-07-08,UPI
1052,130,2024-06-10,Credit Card
1053,344,2025-06-27,NetBanking
1054,436,2025-06-09,Debit Card
1055,282,2024-02-07,Debit Card
1056,35,2024-08-07,Credit Card
1057,372,2025-07-11,Debit Card
1058,170,2024-11-24,Credit Card
1059,336,2024-07-22,Credit Card
1060,318,2024-02-04,Cash on Delivery
1061,163,2025-04-05,Debit Card
1062,316,2025-09-30,Debit Card
1063,300,2024-04-29,UPI
1064,187,2024-10-13,Cash on Delivery
1065,87,2023-11-29,Debit Card
1066,403,2024-07-08,UPI
1067,329,2025-02-13,Debit Card
1068,185,2024-04-10,UPI
1069,170,2025-03-30,Debit Card
1070,184,2024-10-02,Debit Card
1071,56,2024-05-22,UPI
1072,42,2024-09-07,NetBanking
1073,72,2025-05-29,Credit Card
1074,376,2025-08-27,Credit Card
1075,39,2023-12-14,NetBanking
1076,324,2023-12-26,NetBanking
1077,297,2025-01-12,UPI
1078,109,2024-01-01,UPI
1079,279,2025-05-30,Debit Card
1080,397,2024-04-25,Debit Card
1081,115,2025-07-20,UPI
1082,149,2024-04-10,Debit Card
1083,262,2024-02-25,Debit Card
1084,258,2023-12-05,UPI
1085,435,2025-08-14,UPI
1086,388,2025-05-04,Credit Card
1087,82,2024-05-26,UPI
1088,290,2025-09-30,NetBanking
1089,75,2025-04-03,Cash on Delivery
1090,21,2024-07-06,UPI
1091,119,2024-01-28,Debit Card
1092,120,2024-01-07,UPI
1093,266,2024-11-28,Debit Card
1094,233,2024-01-11,Credit Card
1095,333,2024-10-21,Credit Card
1096,267,2025-09-03,NetBanking
1097,428,2024-08-20,UPI
1098,292,2024-05-21,Debit Card
1099,194,2024-12-03,UPI
1100,428,2024-02-12,UPI
1101,193,2024-07-10,UPI
1102,181,2024-11-12,Debit Card
1103,247,2025-08-04,Credit Card
1104,72,2025-02-17,Credit Card
1105,40,2025-05-04,UPI
1106,109,2024-04-26,Credit Card
1107,186,2025-08-02,UPI
1108,61,2025-10-01,Credit Card
1109,416,2024-10-28,UPI
1110,247,2025-10-16,Debit Card
1111,108,2025-07-21,Credit Card
1112,427,2025-01-18,Credit Card
1113,23,2024-04-03,UPI
1114,83,2024-04-10,UPI
1115,21,2025-07-03,Credit Card
1116,86,2024-08-15,Cash on Delivery
1117,265,2025-01-13,UPI
1118,289,2025-09-07,Credit Card
1119,369,2025-10-02,NetBanking
1120,44,2024-07-03,Debit Card
1121,242,2025-04-01,Credit Card
1122,426,2025-01-18,UPI
1123,407,2025-07-13,NetBanking
1124,94,2025-08-24,UPI
1125,136,2024-05-14,UPI
1126,176,2025-03-03,UPI
1127,36,2024-07-17,Debit Card
1128,68,2024-03-15,Credit Card
1129,268,2025-04-24,UPI
1130,424,2024-04-26,UPI
1131,91,2025-03-26,Cash on Delivery
1132,308,2024-01-03,NetBanking
1133,273,2025-04-23,UPI
1134,48,2025-04-01,UPI
1135,309,2025-05-30,NetBanking
1136,397,2025-10-19,UPI
1137,268,2025-01-28,Debit Card
1138,23,2025-11-08,UPI
1139,118,2025-04-01,UPI
1140,196,2024-11-17,UPI
1141,380,2025-11-07,UPI
1142,218,2024-04-10,Debit Card
1143,393,2024-07-20,Cash on Delivery
1144,43,2024-09-10,UPI
1145,279,2025-01-16,Debit Card
1146,3,2025-11-20,UPI
1147,4,2025-07-08,UPI
1148,267,2023-12-02,Debit Card
1149,106,2025-10-29,NetBanking
1150,210,2024-11-29,Credit Card
1151,219,2025-09-22,UPI
1152,134,2025-05-26,Debit Card
1153,188,2025-08-12,Debit Card
1154,349,2025-01-04,UPI
1155,212,2025-06-12,UPI
1156,248,2024-05-26,Debit Card
1157,285,2025-04-03,Debit Card
1158,158,2025-07-08,Debit Card
1159,362,2025-01-05,UPI
1160,438,2025-09-30,Credit Card
1161,118,2025-02-24,UPI
1162,83,2024-03-06,Credit Card
1163,206,2024-11-05,NetBanking
1164,315,2025-11-07,UPI
1165,27,2024-05-07,Debit Card
1166,326,2023-11-30,NetBanking
1167,422,2024-04-21,Debit Card
1168,308,2025-02-12,Credit Card
1169,135,2024-07-09,Debit Card
1170,312,2024-01-02,UPI
1171,206,2025-08-14,UPI
1172,147,2025-11-22,Cash on Delivery
1173,30,2024-05-22,UPI
1174,225,2023-12-05,Credit Card
1175,337,2025-05-08,Debit Card
1176,18,2025-07-30,UPI
1177,358,2024-07-19,UPI
1178,346,2023-12-31,Debit Card
1179,336,2023-11-25,Cash on Delivery
1180,45,2024-09-02,UPI
1181,181,2025-10-10,Debit Card
1182,301,2024-06-17,UPI
1183,378,2025-11-14,Credit Card
1184,47,2025-06-09,Debit Card
1185,425,2025-06-19,Cash on Delivery
1186,179,2024-11-14,Cash on Delivery
1187,142,2024-07-13,UPI
1188,100,2025-03-04,Cash on Delivery
1189,295,2023-11-29,Debit Card
1190,209,2025-04-26,Credit Card
1191,38,2025-04-23,Debit Card
1192,60,2025-05-03,Cash on Delivery
1193,449,2025-05-28,NetBanking
1194,295,2024-08-07,UPI
1195,194,2025-06-23,Debit Card
1196,125,2024-11-06,Cash on Delivery
1197,235,2025-10-22,Debit Card
1198,301,2023-12-23,Debit Card
1199,133,2024-02-02,Debit Card
1200,404,2024-07-07,UPI
